atom_scale,molecule_stability
0.1,0.375
0.2,0.453125
0.3,0.140625
0.4,0.3125
0.5,0.203125
