atom_scale,molecule_stability
0.1,0.35546875
0.2,0.35546875
0.3,0.2578125
0.4,0.197265625
0.5,0.181640625
